slug,name,handle,country,category,niche
mkbhd,MKBHD,@mkbhd,United States,Technology,tech
linustechtips,Linus Tech Tips,@LinusTechTips,United States,Technology,tech
veritasium,Veritasium,@veritasium,United States,Science,science
grahamstephan,Graham Stephan,@GrahamStephan,United States,Finance,finance
andrejha,Andrei Jikh,@AndreiJikh,United States,Finance,finance
mrballen,MrBallen,@MrBallen,United States,Entertainment,entertainment
smarter-every-day,SmarterEveryDay,@smartereveryday,United States,Science,science
vsauce,Vsauce,@Vsauce,United States,Science,science
dream,Dream,@dream,United States,Gaming,gaming
mrwhosetheboss,Mrwhosetheboss,@Mrwhosetheboss,United States,Technology,tech
unspeakable,Unspeakable,@Unspeakable,United States,Entertainment,entertainment
matthewbeem,Matthew Beem,@MatthewBeem,United States,Entertainment,entertainment
garyvee,GaryVee,@garyvee,United States,Business,business
aliabdaal,Ali Abdaal,@aliabdaal,United States,Business,business
mattdavella,Matt D'Avella,@mattdavella,United States,Business,lifestyle
networkchuck,NetworkChuck,@NetworkChuck,United States,Technology,tech
markrober,Mark Rober,@MarkRober,United States,Science,science
technicalguruji,Technical Guruji,@TechnicalGuruji,India,Technology,tech
physicswallah,Physics Wallah,@PhysicsWallah,India,Education,education
souravjoshivlogs,Sourav Joshi Vlogs,@SouravJoshiVlogs,India,Entertainment,lifestyle
tanmaybhat,Tanmay Bhat,@TanmayBhatYT,India,Comedy,entertainment
beerbiceps,BeerBiceps,@BeerBiceps,India,Business,business
khanacademyindia,Khan Academy India,@KhanAcademyIndia,India,Education,education
mortalofficial,Mortal,@Mortal,India,Gaming,gaming
tommyinnit,TommyInnit,@TommyInnit,United Kingdom,Gaming,gaming
dantdm,DanTDM,@DanTDM,United Kingdom,Gaming,gaming
miniminter,Miniminter,@miniminter,United Kingdom,Entertainment,entertainment
zerkaaplays,ZerkaaPlays,@ZerkaaPlays,United Kingdom,Gaming,gaming
behzinga,Behzinga,@Behzinga,United Kingdom,Entertainment,entertainment
ali-a,Ali-A,@AliA,United Kingdom,Gaming,gaming
jacksucksatlife,JackSucksAtLife,@JackSucksAtLife,United Kingdom,Entertainment,entertainment
willne,WillNE,@WillNE,United Kingdom,Comedy,entertainment
imallexx,ImAllexx,@ImAllexx,United Kingdom,Comedy,entertainment
memeulous,Memeulous,@Memeulous,United Kingdom,Comedy,entertainment
spencerfc,SpencerFC,@SpencerFC,United Kingdom,Sports,sports
comedyshortsgamer,ComedyShortsGamer,@ComedyShortsGamer,United Kingdom,Gaming,gaming
calfreezy,Calfreezy,@Calfreezy,United Kingdom,Entertainment,entertainment
julien-bam,Julien Bam,@JulienBam,Germany,Entertainment,entertainment
paluten,Paluten,@Paluten,Germany,Gaming,gaming
gronkh,Gronkh,@Gronkh,Germany,Gaming,gaming
bibisbeautypalace,BibisBeautyPalace,@BibisBeautyPalace,Germany,Lifestyle,beauty
dagi-bee,Dagi Bee,@DagiBee,Germany,Lifestyle,beauty
kuchentv,KuchenTV,@KuchenTV,Germany,Comedy,entertainment
rezo,Rezo,@Rezo,Germany,Entertainment,entertainment
lefloid,LeFloid,@LeFloid,Germany,News,news
unge,unge,@unge,Germany,Entertainment,entertainment
montanablack,MontanaBlack,@MontanaBlack,Germany,Gaming,gaming
hikakintv,HikakinTV,@HikakinTV,Japan,Entertainment,entertainment
fischers,Fischer's,@Fischers,Japan,Entertainment,entertainment
hajime-shacho,Hajime Shacho,@HajimeSyacho,Japan,Entertainment,entertainment
tokai-onair,Tokai OnAir,@TokaiOnAir,Japan,Entertainment,entertainment
seikintv,SeikinTV,@SeikinTV,Japan,Entertainment,entertainment
watermelon,Watermelon,@WatermelonVlog,Japan,Entertainment,entertainment
yuka-kinoshita,Yuka Kinoshita,@YukaKinoshita,Japan,Food,food
natsuki,Natsuki,@Natsuki,Japan,Food,food
quizknock,QuizKnock,@QuizKnock,Japan,Education,education
kizuna-ai,Kizuna AI,@KizunaAI,Japan,Entertainment,entertainment
bokyem-tv,Bokyem TV,@BokyemTV,South Korea,Entertainment,entertainment
jae-hyuk,Jae-hyuk,@Jaehyuk,South Korea,Entertainment,entertainment
tzuyang,Tzuyang,@tzuyang,South Korea,Food,food
hamzy,Hamzy,@Hamzy,South Korea,Food,food
asmr-suna,ASMR Suna,@ASMRSuna,South Korea,Entertainment,entertainment
pony-syndrome,Pony Syndrome,@PONY,South Korea,Beauty,beauty
korean-englishman,Korean Englishman,@KoreanEnglishman,South Korea,Entertainment,entertainment
bangtantv,BANGTANTV,@BANGTANTV,South Korea,Music,music
blackpink,BLACKPINK,@BLACKPINK,South Korea,Music,music
hong-sound,Hong Sound,@HongSound,South Korea,Food,food
whindersson-nunes,Whindersson Nunes,@whindersson,Brazil,Comedy,entertainment
felipe-neto,Felipe Neto,@FelipeNeto,Brazil,Entertainment,entertainment
luccas-neto,Luccas Neto,@LuccasNeto,Brazil,Entertainment,entertainment
enaldinho,Enaldinho,@Enaldinho,Brazil,Gaming,gaming
rezende-evil,Rezende Evil,@RezendeEvil,Brazil,Gaming,gaming
authenticgames,AuthenticGames,@AuthenticGames,Brazil,Gaming,gaming
porta-dos-fundos,Porta dos Fundos,@PortadosFundos,Brazil,Comedy,entertainment
cellbit,Cellbit,@Cellbit,Brazil,Gaming,gaming
casimiro,Casimiro,@CasimiroMiguel,Brazil,Sports,sports
alanzoka,Alanzoka,@alanzoka,Brazil,Gaming,gaming
lilly-singh,Lilly Singh,@LillySingh,Canada,Comedy,entertainment
unbox-therapy,Unbox Therapy,@UnboxTherapy,Canada,Technology,tech
asapscience,AsapSCIENCE,@AsapSCIENCE,Canada,Science,science
tifo-football,Tifo Football,@TifoFootball,Canada,Sports,sports
ssssniperwolf,SSSniperWolf,@SSSniperWolf,Canada,Entertainment,entertainment
typical-gamer,Typical Gamer,@TypicalGamer,Canada,Gaming,gaming
greg-doucette,Greg Doucette,@GregDoucette,Canada,Health,health
jordan-matter,Jordan Matter,@JordanMatter,Canada,Entertainment,entertainment
wendigoon,Wendigoon,@Wendigoon,Canada,Education,education
jj-mccullough,JJ McCullough,@JJMcCullough,Canada,Education,education
dude-perfect,Dude Perfect,@DudePerfect,United States,Sports,sports
the-slow-mo-guys,The Slow Mo Guys,@theslowmoguys,United States,Science,science
corridor-crew,Corridor Crew,@CorridorCrew,United States,Entertainment,entertainment
danny-gonzalez,Danny Gonzalez,@DannyGonzalez,United States,Comedy,entertainment
drew-gooden,Drew Gooden,@DrewGooden,United States,Comedy,entertainment
kurtis-conner,Kurtis Conner,@KurtisConner,United States,Comedy,entertainment
ijustine,iJustine,@iJustine,United States,Technology,tech
kurzgesagt,Kurzgesagt,@kurzgesagt,United States,Science,science
3blue1brown,3Blue1Brown,@3blue1brown,United States,Education,education
tom-scott,Tom Scott,@TomScott,United States,Education,education
geography-now,Geography Now,@GeographyNow,United States,Education,education
jidion,JiDion,@JiDion,United States,Comedy,entertainment
kai-cenat,Kai Cenat,@KaiCenat,United States,Entertainment,entertainment
speed,Speed,@Speed,United States,Entertainment,entertainment
xqc,xQc,@xQc,United States,Gaming,gaming
pokimane,Pokimane,@pokimane,United States,Gaming,gaming
ludwig,Ludwig,@ludwig,United States,Entertainment,entertainment
valkyrae,Valkyrae,@Valkyrae,United States,Gaming,gaming
couragejd,CourageJD,@CourageJD,United States,Gaming,gaming
ninja,Ninja,@Ninja,United States,Gaming,gaming
timthetatman,TimTheTatMan,@timthetatman,United States,Gaming,gaming
jacksepticeye,Jacksepticeye,@jacksepticeye,United States,Gaming,gaming
david-dobrik,David Dobrik,@DavidDobrik,United States,Entertainment,entertainment
emma-chamberlain,Emma Chamberlain,@emmachamberlain,United States,Lifestyle,lifestyle
charli-damelio,Charli D'Amelio,@charlidamelio,United States,Entertainment,entertainment
addison-rae,Addison Rae,@addisonrae,United States,Entertainment,entertainment
the-try-guys,The Try Guys,@tryguys,United States,Entertainment,entertainment
good-mythical-morning,Good Mythical Morning,@GoodMythicalMorning,United States,Entertainment,entertainment
penguinz0,penguinz0,@penguinz0,United States,Comedy,entertainment
dunkey,Dunkey,@videogamedunkey,United States,Gaming,gaming
the-game-theorists,The Game Theorists,@GameTheory,United States,Gaming,gaming
cinemasins,CinemaSins,@CinemaSins,United States,Entertainment,entertainment
screen-junkies,Screen Junkies,@ScreenJunkies,United States,Entertainment,entertainment
philip-defranco,Philip DeFranco,@PhilipDeFranco,United States,News,news
h3h3,H3H3,@h3h3productions,United States,Comedy,entertainment
ethan-klein,Ethan Klein,@EthanKlein,United States,Podcast,entertainment
hasan-piker,Hasan Piker,@HasanPiker,United States,News,news
destiny,Destiny,@Destiny,United States,News,news
coffeezilla,Coffeezilla,@Coffeezilla,United States,News,news
thoughtslime,ThoughtSlime,@ThoughtSlime,United States,Education,education
internet-historian,Internet Historian,@InternetHistorian,United States,Entertainment,entertainment
lemmino,LEMMiNO,@LEMMiNO,United States,Education,education
wendover-productions,Wendover Productions,@Wendoverproductions,United States,Education,education
amit-bhadana,Amit Bhadana,@AmitBhadana,India,Comedy,entertainment
harsh-beniwal,Harsh Beniwal,@HarshBeniwal,India,Comedy,entertainment
mostlysane,MostlySane,@MostlySane,India,Comedy,entertainment
mumbiker-nikhil,Mumbiker Nikhil,@MumbikerNikhil,India,Entertainment,lifestyle
gaurav-taneja-fitness,Gaurav Taneja Fitness,@GauravTanejaFitness,India,Health,health
abhi-and-niyu,AbhiAndNiyu,@AbhiandNiyu,India,Education,education
lakshay-chaudhary,Lakshay Chaudhary,@LakshayChaudhary,India,Comedy,entertainment
technical-sagar,Technical Sagar,@TechnicalSagar,India,Technology,tech
studyiq,StudyIQ,@StudyIQEducation,India,Education,education
unacademy,Unacademy,@Unacademy,India,Education,education
ryan-trahan,Ryan Trahan,@RyanTrahan,United States,Entertainment,entertainment
airrack,Airrack,@Airrack,United States,Entertainment,entertainment
sidemen-reacts,Sidemen Reacts,@SidemenReacts,United Kingdom,Entertainment,entertainment
niko-omilana,Niko Omilana,@NikoOmilana,United Kingdom,Comedy,entertainment
cold-fusion,ColdFusion,@ColdFusion,United States,Technology,tech
yes-theory,Yes Theory,@YesTheory,United States,Entertainment,lifestyle
johnny-harris,Johnny Harris,@johnnyharris,United States,Education,education
reallifelore,RealLifeLore,@RealLifeLore,United States,Education,education
fireship,Fireship,@Fireship,United States,Technology,tech
theo-browne,Theo Browne,@t3dotgg,United States,Technology,tech
primeagen,ThePrimeagen,@ThePrimeagen,United States,Technology,tech
binging-with-babish,Binging with Babish,@BabishCulinaryUniverse,United States,Food,food
joshua-weissman,Joshua Weissman,@JoshuaWeissman,United States,Food,food
nick-digiovanni,Nick DiGiovanni,@NickDiGiovanni,United States,Food,food
oversimplified,OverSimplified,@OverSimplified,United States,Education,education
bailey-sarian,Bailey Sarian,@BaileySarian,United States,Entertainment,entertainment
ladbaby,LadBaby,@LadBaby,United Kingdom,Entertainment,entertainment
mrnigelng,Nigel Ng,@mrnigelng,United Kingdom,Comedy,entertainment
simon-wilson,Simon Wilson,@SimonWilson,United Kingdom,Entertainment,entertainment
freekickerz,freekickerz,@freekickerz,Germany,Sports,sports
kontra-k,Kontra K,@KontraK,Germany,Music,music
jun-yoshizuki,Jun's Kitchen,@JunsKitchen,Japan,Food,food
one-media,ONE Media,@ONEMedia,Japan,Entertainment,entertainment
korean-unnie,Korean Unnie,@KoreanUnnie,South Korea,Education,education
dkdktv,DKDKTV,@DKDKTV,South Korea,Entertainment,entertainment
manual-do-mundo,Manual do Mundo,@manualdomundo,Brazil,Science,science
nerdologia,Nerdologia,@Nerdologia,Brazil,Science,science
gaules,Gaules,@gaules,Brazil,Gaming,gaming
supercarblondie,Supercar Blondie,@SupercarBlondie,Canada,Entertainment,lifestyle
cbc-news,CBC News,@CBCNews,Canada,News,news
safe-house,Safe House,@SafeHouse,United States,Entertainment,entertainment
nerd-city,Nerd City,@NerdCity,United States,Entertainment,entertainment
the-infographics-show,The Infographics Show,@TheInfographicsShow,United States,Education,education
ladbible,LADbible,@LADbible,United Kingdom,Entertainment,entertainment
abroad-in-japan,Abroad in Japan,@AbroadinJapan,Japan,Entertainment,lifestyle
trash-taste,Trash Taste,@TrashTaste,Japan,Entertainment,entertainment
peter-mckinnon,Peter McKinnon,@PeterMcKinnon,Canada,Entertainment,lifestyle
